Category,avg_rating
Clothing,3.7231433506044884
Footwear,3.7906510851419055
Outerwear,3.746913580246914
Accessories,3.7686290322580676
